id,region_id,first_name,last_name
103906,202,Tomasz,Bertman
515830,202,Piotr,Januszyk
508814,202,Piotr,Jurczak
149158,202,Krzysztof,Juszczak
292722,202,Grzegorz,Karpiński
1111,202,Maciej,Kasparek
446748,202,Łukasz,Kowalczyk
401064,202,Paweł,Kunicki
465174,202,Klemens,Machajewski
330694,202,Tomasz,Miśkiewicz
401060,202,Weronika,Oraczewska
331444,202,Marcin,Skotnicki
442560,202,Krzysztof,Szymański
272602,202,Tomasz,Tytuła
417758,202,Jakub,Wasieczko
499026,202,Michalina,Adamczyk-Hohendorff
423170,202,Agnieszka,Banach
290190,202,Bartosz,Baranowski
377844,202,Łukasz,Bomba
12656,202,Katarzyna,Chęcińska
417334,202,Dominik,Cieniawski
257944,202,Renata,Gołębiowska-Wiatrak
504592,202,Lucyna,Gruszkowska-Prochera
1819,202,Beata,Harasymiuk
409894,202,Piotr,Jaśkowski
403232,202,Elżbieta,Karwat
498996,202,Magda,Kasperska
408898,202,Karol,Kasprzycki
299378,202,Marek,Kolarz
446750,202,Urszula,Kopeć-Gurdak
458752,202,Aleksander,Korobczenko
421972,202,Monika,Kowalik
497600,202,Paweł,Koźlik-Siwiec
515258,202,Michał,Krawczyk
415392,202,Bartosz,Krzyżanowski
378062,202,Mateusz,Latek
353472,202,Paweł,Łach
465778,202,Paulina,Łysiak
421374,202,Olga,Malucha
313208,202,Katarzyna,Mihułka
495398,202,Kamila,Mitka
499626,202,Katarzyna,Nowak
399304,202,Agnieszka,Pietraszko
438546,202,Monika,Radoń
103344,202,Piotr,Rerutkiewicz
227030,202,Aleksandra,Różańska
258752,202,Kamil,Samołyk
515260,202,Dominika,Schab
440540,202,Kamila,Susuł
499588,202,Jarosław,Suwara
815,202,Lucyna,Szymczuk
485970,202,Magdalena,Wilczyńska-Golonka
4156,202,Małgorzata,Wiśniewska
438550,202,Anna,Witkowska-Osiecka
512012,202,Anna,Wójcik
497002,202,Viktoriia,Yakovlieva
407076,202,Edyta,Żaba
477372,202,Angelika,Żyła
